id,unit,term
1,1,fabulous
2,1,attention
3,1,evoke
4,1,set aside
5,1,concession
6,1,replace
7,1,ought
8,1,query
9,1,fort
10,1,scheme
11,1,immediate
12,1,appreciate
13,1,party
14,1,regarding
15,1,harm
16,1,objective
17,1,mammal
18,1,critical
19,1,precious
20,1,obstacle
21,1,commission
22,1,tackle
23,1,conceal
24,1,conflict
25,1,gather
26,1,livestock
27,1,advanced
28,1,keen
29,1,derelict
30,1,avert
31,2,hierarchy
32,2,struggle
33,2,vivid
34,2,explosive
35,2,attribute
36,2,controlled
37,2,costly
38,2,infest
39,2,require
40,2,restriction
41,2,distinguish
42,2,fatal
43,2,efficiency
44,2,equivalent
45,2,domestic
46,2,intuitive
47,2,aggravate
48,2,convert
49,2,suffer
50,2,encounter
51,2,abundant
52,2,assess
53,2,assemble
54,2,rely
55,2,classify
56,2,aspiration
57,2,merely
58,2,decline
59,2,enable
60,2,regardless of
61,3,entice
62,3,establish
63,3,pose
64,3,threat
65,3,pupil
66,3,reveal
67,3,eradicate
68,3,inspire
69,3,continent
70,3,motivate
71,3,behave
72,3,skeptical
73,3,artificial
74,3,fascinate
75,3,effect
76,3,damage
77,3,administer
78,3,practice
79,3,beneficial
80,3,invariably
81,3,robust
82,3,due
83,3,smuggle
84,3,fossilize
85,3,risk
86,3,permanent
87,3,cope with
88,3,destroy
89,3,subsequent
90,3,last
91,4,deliberate
92,4,odour
93,4,predator
94,4,intertwine
95,4,seek
96,4,promote
97,4,crucial
98,4,shelter
99,4,archaeology
100,4,indigenous
101,4,voluntary
102,4,rainfall
103,4,property
104,4,retrieval
105,4,certain
106,4,capture
107,4,subsidiary
108,4,abandon
109,4,evolutionary
110,4,award
111,4,habitat
112,4,sufficient
113,4,escape
114,4,allow
115,4,hindsight
116,4,oppose
117,4,determined
118,4,vulnerable
119,4,presume
120,4,apply
121,5,ascent
122,5,extensive
123,5,infant
124,5,rewarding
125,5,foster
126,5,numerous
127,5,rate
128,5,hypothesis
129,5,principle
130,5,distinct from
131,5,no longer
132,5,maintenance
133,5,retain
134,5,judge
135,5,compose
136,5,accompany
137,5,propound
138,5,evolve
139,5,status
140,5,blast
141,5,commercial
142,5,chronological
143,5,merge
144,5,available
145,5,descend
146,5,adapt
147,5,immense
148,5,harsh
149,5,irresistible
150,5,strict
151,6,emerge
152,6,benefit
153,6,perplex
154,6,herd
155,6,civil
156,6,halt
157,6,obtain
158,6,breeding
159,6,apart from
160,6,secure
161,6,disabled
162,6,marginalize
163,6,affect
164,6,involve
165,6,drain
166,6,profound
167,6,obvious
168,6,irrigation
169,6,exaggerate
170,6,steadily
171,6,cultivation
172,6,melt
173,6,mimic
174,6,edible
175,6,alert
176,6,feed
177,6,means
178,6,intrusion
179,6,hollow
180,6,distribution
181,7,rarely
182,7,aid
183,7,sustain
184,7,initial
185,7,precise
186,7,penetrate
187,7,flexible
188,7,arrangement
189,7,inherently
190,7,estrangement
191,7,seriously
192,7,official
193,7,isolated
194,7,accept
195,7,acclaim
196,7,underestimate
197,7,populated
198,7,dependent
199,7,eruption
200,7,virtually
201,7,severe
202,7,capacity
203,7,vertical
204,7,erosion
205,7,deficit
206,7,remains
207,7,eager
208,7,entire
209,7,charge
210,7,irritation
211,8,infection
212,8,identify
213,8,underlying
214,8,prospective
215,8,inhospitable
216,8,ancestor
217,8,variation
218,8,issue
219,8,remote
220,8,independently
221,8,scrutiny
222,8,stimulate
223,8,implement
224,8,own
225,8,regard
226,8,enormous
227,8,manifest
228,8,earn
229,8,pioneer
230,8,entitle
231,8,arguably
232,8,apparently
233,8,adequate
234,8,rule
235,8,grant
236,8,gauge
237,8,occasional
238,8,interrupt
239,8,circuit
240,8,flat
241,9,periodical
242,9,intricate
243,9,flatten
244,9,altogether
245,9,trap
246,9,occupational
247,9,coin
248,9,demanding
249,9,remarkable
250,9,seize
251,9,initiative
252,9,appraisal
253,9,exploit
254,9,extract
255,9,afflict
256,9,damp
257,9,figure
258,9,provision
259,9,colonise
260,9,hazard
261,9,transmit
262,9,entail
263,9,locate
264,9,agriculture
265,9,endorse
266,9,evidence
267,9,appropriate
268,9,confidential
269,9,conclusively
270,9,rather
271,10,reconcile
272,10,belong
273,10,parasite
274,10,blame
275,10,migration
276,10,thwart
277,10,coincide
278,10,exposure
279,10,thereby
280,10,creature
281,10,race
282,10,inevitable
283,10,designed
284,10,legitimate
285,10,reliable
286,10,conscious
287,10,concern
288,10,irreversible
289,10,artefact
290,10,confinement
291,10,attempt
292,10,encourage
293,10,cell
294,10,lower
295,10,challenging
296,10,conviction
297,10,educated
298,10,accurate
299,10,corridor
300,10,mass
301,11,extinct
302,11,particular
303,11,occur
304,11,extent
305,11,govern
306,11,reasoning
307,11,resemble
308,11,recognition
309,11,enhance
310,11,famine
311,11,storey
312,11,aim
313,11,venue
314,11,exceed
315,11,breakthrough
316,11,competitive
317,11,whilst
318,11,embark
319,11,archive
320,11,plot
321,11,core
322,11,retrenchment
323,11,dominant
324,11,obligation
325,11,ideal
326,11,oblivious
327,11,context
328,11,matter
329,11,inextricably
330,11,reel
331,12,envy
332,12,reptile
333,12,distorted
334,12,widespread
335,12,succeed
336,12,frighten
337,12,marked
338,12,properly
339,12,revelation
340,12,prevailing
341,12,feature
342,12,loan
343,12,avoid
344,12,originate
345,12,command
346,12,extremely
347,12,qualified
348,12,concrete
349,12,compromise
350,12,lack
351,12,considerable
352,12,refer
353,12,obey
354,12,possess
355,12,ordinary
356,12,prompt
357,12,accuse
358,12,invasion
359,12,refuse
360,12,so that
361,13,authentic
362,13,carved
363,13,relate
364,13,rodent
365,13,alter
366,13,individual
367,13,outrageous
368,13,intensive
369,13,occupy
370,13,probable
371,13,fertile
372,13,apprentice
373,13,significant
374,13,settle
375,13,mundane
376,13,appointment
377,13,largely
378,13,revise
379,13,catastrophic
380,13,afraid
381,13,plough
382,13,substance
383,13,drought
384,13,insular
385,13,consistent
386,13,profitable
387,13,depiction
388,13,incongruity
389,13,distressing
390,13,strand
391,14,attitude
392,14,strike
393,14,disturb
394,14,pervasive
395,14,insect
396,14,sort
397,14,esteem
398,14,opt
399,14,pasture
400,14,facility
401,14,undertake
402,14,criticise
403,14,criterion
404,14,devise
405,14,contain
406,14,superior
407,14,rigorous
408,14,inhibit
409,14,journey
410,14,appearance
411,14,replicate
412,14,including
413,14,detect
414,14,civilisation
415,14,demand
416,14,resistance
417,14,engage
418,14,indicative
419,14,contingent
420,14,either
421,15,distinctive
422,15,modify
423,15,notable
424,15,reflect
425,15,definite
426,15,optimism
427,15,arise
428,15,necessarily
429,15,attach
430,15,instance
431,15,constant
432,15,incident
433,15,victim
434,15,consist
435,15,scatter
436,15,amend
437,15,advantage
438,15,effort
439,15,give rise to
440,15,prey
441,15,tremendous
442,15,optical
443,15,intact
444,15,intake
445,15,lay
446,15,apparent
447,15,interfere
448,15,substitute
449,15,dull
450,15,release
451,16,activate
452,16,litter
453,16,forage
454,16,depending on
455,16,ecological
456,16,divide
457,16,estimate
458,16,thoroughly
459,16,magnificent
460,16,exceptional
461,16,valid
462,16,disastrous
463,16,absence
464,16,pollution
465,16,reproduce
466,16,nearly
467,16,discard
468,16,verification
469,16,aware
470,16,measure
471,16,component
472,16,sediment
473,16,acoustic
474,16,beyond
475,16,emit
476,16,afford
477,16,eligible
478,16,terrestrial
479,16,degraded
480,16,carry
481,17,cure
482,17,transform
483,17,devastate
484,17,conservative
485,17,devoted
486,17,alternative
487,17,fragile
488,17,enlarge
489,17,premises
490,17,otherwise
491,17,insist
492,17,element
493,17,flourish
494,17,delicate
495,17,sensible
496,17,overcome
497,17,volunteer
498,17,readily
499,17,synthetic
500,17,essential
501,17,verbal
502,17,plausible
503,17,primitive
504,17,transit
505,17,situate
506,17,fishery
507,17,discharge
508,17,germination
509,17,inclination
510,17,ever
511,18,term
512,18,setback
513,18,excavation
514,18,current
515,18,perceive
516,18,observe
517,18,reasonable
518,18,remove
519,18,conventional
520,18,appliance
521,18,stress
522,18,frequent
523,18,disclose
524,18,dismissive
525,18,frustration
526,18,appeal
527,18,freight
528,18,adopt
529,18,elusive
530,18,induce
531,18,dye
532,18,temporary
533,18,income
534,18,prior
535,18,anticipate
536,18,shun
537,18,injury
538,18,call for
539,18,apparatus
540,18,atmosphere
541,19,eventually
542,19,deposit
543,19,persistent
544,19,astronomical
545,19,arousal
546,19,outstanding
547,19,appear
548,19,gene
549,19,motif
550,19,revert
551,19,associated
552,19,terminal
553,19,custom
554,19,psychological
555,19,pigment
556,19,proportion
557,19,decent
558,19,conceive
559,19,reclaim
560,19,fundamental
561,19,publicise
562,19,collective
563,19,permit
564,19,particle
565,19,vicinity
566,19,tolerant
567,19,substantially
568,19,separate
569,19,commodity
570,19,diagnosis
571,20,diversify
572,20,pane
573,20,access
574,20,intend
575,20,via
576,20,specimen
577,20,priority
578,20,impact
579,20,expertise
580,20,fraud
581,20,integrated
582,20,norm
583,20,delegate
584,20,exempt
585,20,factor
586,20,collaborate
587,20,endure
588,20,parallel
589,20,solely
590,20,resolve
591,20,arrival
592,20,aggressive
593,20,vanish
594,20,disperse
595,20,overlook
596,20,camouflage
597,20,raw
598,20,compatible
599,20,outright
600,20,ailment
